,product code
1,6000094-0002
2,6000100-0003
3,6000301-0004
4,6000307-0005
6,6000348-0007
9,6000378-0010
13,6000514-0014
25,6000134-0026
28,6000149-0029
37,6000014-0038
39,6000027-0040
40,6000030-0041
43,6000042-0044
47,6000062-0048
49,6000106-0050
56,6000095-0057
57,6000027-0058
59,1805462-0060
69,6000004-0070
72,6000162-0073
74,6000002-0075
77,6000015-0078
81,6000266-0082
87,6000002-0088
88,6000005-0089
89,6000006-0090
93,6000014-0094
95,6000058-0096
97,6000046-0098
98,6000016-0099
152,6002988-0153
159,6003279-0160
179,6000009-0180
181,6000034-0182
182,6000006-0183
183,6000007-0184
195,6000091-0196
196,6000015-0197
197,6000022-0198
198,6000067-0199
199,6000081-0200
200,6000406-0201
201,6000047-0202
202,6000057-0203
206,2800007-0207
209,2800516-0210
210,2800522-0211
211,6000013-0212
216,6000071-0217
223,6000014-0224
227,6000041-0228
234,6000129-0235
235,6000134-0236
239,6000367-0240
240,6000402-0241
243,6000031-0244
245,6000061-0246
254,6000007-0255
256,6000092-0257
262,6001018-0263
267,6000243-0268
278,6001508-0279
280,6001539-0281
287,6002189-0288
288,6002223-0289
293,6000011-0294
294,6000015-0295
296,6000023-0297
297,6000027-0298
308,6000334-0309
314,6000618-0315
316,6000011-0317
318,6000075-0319
332,6000001-0333
337,6000026-0338
338,6000005-0339
342,6000632-0343
343,6000905-0344
352,6002174-0353
361,6005892-0362
364,6006585-0365
366,6000023-0367
370,6000260-0371
371,6000351-0372
375,6000579-0376
377,4001407-0378
378,4001409-0379
379,4005432-0380
380,4006814-0381
381,4007092-0382
382,4007399-0383
383,4008134-0384
384,6000259-0385
385,6000370-0386
387,6000454-0388
389,6001062-0390
398,6000046-0399
399,6000013-0400
400,6000046-0401
406,6000692-0407
409,5100014-0410
415,6000171-0416
428,6000048-0429
429,6000458-0430
436,6000037-0437
443,6000002-0444
458,6000105-0459
466,6000005-0467
478,6000016-0479
488,6000083-0489
498,6000198-0499
509,6000001-0510
510,6000011-0511
515,6000002-0516
516,6000008-0517
521,6000098-0522
522,6000108-0523
526,6000179-0527
527,6000200-0528
529,6000249-0530
533,6000283-0534
534,6000284-0535
535,6000352-0536
536,6000368-0537
537,6000369-0538
539,6000419-0540
541,6000504-0542
545,6000118-0546
550,6000650-0551
554,4100243-0555
557,4100255-0558
558,4100270-0559
562,4100360-0563
563,4100468-0564
564,4100471-0565
565,4100481-0566
568,4100533-0569
571,6000021-0572
575,6000150-0576
576,6000186-0577
581,6000079-0582
583,6000113-0584
584,6000114-0585
585,6000115-0586
586,6000118-0587
587,6000121-0588
588,6000136-0589
593,6000178-0594
595,6000194-0596
599,6000240-0600
600,6000243-0601
601,6000006-0602
607,6000007-0608
608,6000024-0609
610,1500850-0611
611,1501028-0612
618,6000019-0619
619,6000021-0620
623,6000062-0624
636,6000021-0637
639,6000065-0640
644,6000153-0645
645,6000158-0646
646,6000196-0647
647,6000199-0648
648,6000203-0649
649,6000228-0650
650,6000016-0651
651,6000020-0652
652,6000016-0653
667,6000682-0668
676,6003672-0677
679,6003954-0680
683,6004754-0684
684,6004755-0685
685,6004756-0686
688,6005110-0689
689,6005112-0690
697,6005469-0698
699,6005474-0700
700,6005488-0701
701,6005498-0702
709,6005894-0710
713,6005917-0714
718,6005978-0719
722,6006410-0723
728,6006443-0729
730,6006477-0731
736,6006812-0737
737,6006856-0738
738,6000053-0739
749,6000549-0750
754,6000555-0755
766,6001791-0767
768,6001793-0769
784,6000497-0785
793,6001798-0794
810,6004098-0811
811,6004171-0812
813,6000252-0814
818,6001162-0819
821,6001753-0822
823,6002000-0824
824,6002003-0825
837,6000184-0838
839,6000077-0840
842,4900074-0843
859,6000547-0860
860,6000555-0861
865,6000200-0866
866,6000228-0867
869,6000252-0870
871,6000030-0872
873,6000083-0874
874,6000084-0875
877,6000114-0878
884,6000098-0885
885,6000104-0886
888,6000128-0889
889,6000132-0890
893,6000044-0894
894,6000047-0895
895,6000071-0896
916,6000015-0917
922,6000040-0923
925,6000056-0926
926,6000059-0927
927,6000060-0928
928,6000061-0929
934,6000100-0935
960,6000068-0961
964,6000169-0965
965,6000178-0966
971,6000304-0972
979,6000076-0980
981,6000087-0982
982,2400039-0983
984,2400161-0985
999,6000051-1000
1000,6000035-1001
1002,6000015-1003
1016,3300415-1017
1021,3300581-1022
1024,6000038-1025
1029,6000026-1030
1041,6000003-1042
1043,6000662-1044
1044,6000663-1045
1045,6000001-1046
1046,6000014-1047
1048,6000041-1049
1049,6000061-1050
1052,6000011-1053
1053,6000014-1054
1055,6000047-1056
1062,6000271-1063
1064,6000008-1065
1065,6000008-1066
1071,6000015-1072
1078,6000254-1079
1083,6000168-1084
1085,6000200-1086
1091,6000633-1092
1094,6000875-1095
1099,6001024-1100
1105,6000003-1106
1106,6000098-1107
1110,6000001-1111
1114,2600338-1115
1124,6000052-1125
1133,6000021-1134
1139,6000099-1140
1149,6000245-1150
1185,6000077-1186
1190,6000015-1191
1192,6000043-1193
1195,6000118-1196
1200,6000136-1201
1201,6000172-1202
1202,6000205-1203
1208,6000061-1209
1209,6000004-1210
1210,6000025-1211
1217,2500168-1218
1220,6000035-1221
1221,6000031-1222
1222,6000126-1223
1223,6000127-1224
1225,6000011-1226
1229,6000647-1230
1230,6000671-1231
1239,6000083-1240
1240,6000042-1241
1242,6000408-1243
1244,6000430-1245
1257,6000017-1258
1258,6000020-1259
1259,6000093-1260
1262,6000015-1263
1278,6000376-1279
1282,6000482-1283
1283,6000484-1284
1286,6000514-1287
1292,6000152-1293
1304,6000265-1305
1308,6003289-1309
1309,6000008-1310
1312,6000029-1313
1321,6000018-1322
1330,6000070-1331
1333,6000001-1334
1340,2800784-1341
1344,7000004-1345
1346,6000024-1347
1347,6000109-1348
1349,6000160-1350
1354,6000031-1355
1355,6000052-1356
1357,6000067-1358
1363,6000181-1364
1364,6000189-1365
1368,6000088-1369
1374,6000326-1375
1377,6000001-1378
1378,6000003-1379
1382,6000030-1383
1384,6000055-1385
1390,6000022-1391
1391,6000023-1392
1393,1800484-1394
1394,1800485-1395
1396,1800498-1397
1397,1800729-1398
1404,1800953-1405
1405,1800999-1406
1408,1801046-1409
1409,1801048-1410
1411,1801103-1412
1412,1801105-1413
1431,6000081-1432
1433,6000009-1434
1441,6000132-1442
1444,6000111-1445
1451,6000014-1452
1454,6000027-1455
1466,6000210-1467
1473,6000371-1474
1484,6000008-1485
1486,6000001-1487
1488,6000009-1489
1492,6000020-1493
1493,6000027-1494
1494,6000037-1495
1495,6000054-1496
1499,6000005-1500
1500,6000015-1501
1501,6000017-1502
1504,6000092-1505
1509,6000066-1510
1513,6000004-1514
1516,6000247-1517
1517,6000270-1518
1523,2300121-1524
1525,6000024-1526
1529,6000027-1530
1530,6000051-1531
1536,3500070-1537
1539,3500076-1540
1541,3500079-1542
1542,3500080-1543
1544,3500096-1545
1556,6000004-1557
1564,6000345-1565
1565,6000758-1566
1574,6002622-1575
1575,6003608-1576
1576,6003844-1577
1578,6004439-1579
1580,6004946-1581
1583,6005054-1584
1588,6002152-1589
1589,6000016-1590
1590,6000115-1591
1598,6000048-1599
1601,6000080-1602
1604,6000665-1605
1612,6003271-1613
1613,6003520-1614
1614,6003594-1615
1615,6003636-1616
1616,6003638-1617
1618,6004047-1619
1620,6004884-1621
1623,6005091-1624
1634,6000027-1635
1635,6000028-1636
1636,6000029-1637
1637,6000079-1638
1647,6000014-1648
1648,6000029-1649
1649,6000311-1650
1653,6000137-1654
1654,6000138-1655
1656,6000157-1657
1658,6000164-1659
1660,4900310-1661
1663,4900362-1664
1664,6000008-1665
1665,6000018-1666
1666,6000013-1667
1667,6000049-1668
1668,6000080-1669
1671,6000302-1672
1672,6000312-1673
1674,6000411-1675
1675,6000446-1676
1676,6000514-1677
1677,6000003-1678
1679,6000009-1680
1689,6000103-1690
1691,7000018-1692
1692,6000030-1693
1695,3100188-1696
1696,3100194-1697
1697,3100237-1698
1698,6000014-1699
1699,6000010-1700
1707,6000028-1708
1708,6000067-1709
1710,7000012-1711
1711,7000118-1712
1717,6000009-1718
1718,6000010-1719
1728,2300234-1729
1734,6000006-1735
1735,6000013-1736
1737,6000032-1738
1739,6000229-1740
1740,6000230-1741
1742,6000280-1743
1744,6000006-1745
1756,6000085-1757
1760,6000039-1761
1761,6000005-1762
1762,6000015-1763
1768,6000043-1769
1774,1900086-1775
1788,6000018-1789
1789,6000023-1790
1791,6000043-1792
1792,6000050-1793
1794,6000021-1795
1795,6000033-1796
1796,6000054-1797
1798,6000092-1799
1799,6000131-1800
1803,6000039-1804
1806,7000001-1807
1808,6001336-1809
1809,6000010-1810
1816,6000510-1817
1819,2900047-1820
1823,2900102-1824
1832,6000022-1833
1849,6001198-1850
1853,6000002-1854
1867,6000086-1868
1872,6000064-1873
1881,6000026-1882
1890,6000501-1891
1894,6000236-1895
1895,6000281-1896
1896,6000004-1897
1897,6000005-1898
1898,6000006-1899
1900,6000029-1901
1901,6000030-1902
1902,6000078-1903
1903,6000114-1904
1904,6000119-1905
1919,6000024-1920
1920,6000036-1921
1921,6000037-1922
1924,6000908-1925
1931,6000013-1932
1932,6000053-1933
1936,4500623-1937
1943,6000209-1944
1948,6000114-1949
1949,6000115-1950
1950,6000120-1951
1951,6000195-1952
1954,6000037-1955
1967,6000049-1968
1968,6000008-1969
1976,6000218-1977
1978,6000238-1979
1984,6000525-1985
1988,6000645-1989
1991,6000704-1992
1994,7000004-1995
1997,6000011-1998
2003,6000013-2004
2022,6000022-2023
2023,6000033-2024
2027,2500066-2028
2029,2500089-2030
2039,2500403-2040
2045,6000002-2046
2049,6000056-2050
2050,6000005-2051
2051,6000014-2052
2059,6000348-2060
2065,6000108-2066
2066,6000110-2067
2068,6000125-2069
2070,6000057-2071
2074,2500241-2075
2082,6000049-2083
2084,6000442-2085
2088,6000108-2089
2093,6000053-2094
2094,6000054-2095
2100,6000106-2101
2102,6000145-2103
2103,6000155-2104
2107,6000190-2108
2112,6000274-2113
2114,6000293-2115
2121,1200148-2122
2124,6000096-2125
2129,6000088-2130
2134,6000040-2135
2139,6000048-2140
2141,6000176-2142
2145,6000275-2146
2146,6000006-2147
2152,6000034-2153
2157,6000013-2158
2161,6000009-2162
2172,6000001-2173
2177,6000070-2178
2179,6000221-2180
2180,6000235-2181
2182,6000014-2183
2183,6000079-2184
2185,4900397-2186
2189,6000018-2190
2196,6000063-2197
2198,6000033-2199
2199,6000045-2200
2201,6000066-2202
2204,6000132-2205
2205,6000155-2206
2206,6000156-2207
2208,6000172-2209
2209,6000180-2210
2212,6000239-2213
2213,6000241-2214
2215,6000287-2216
2229,6000118-2230
2230,6000122-2231
2236,6000103-2237
2238,6000149-2239
2239,6000162-2240
2240,6000187-2241
2243,6000240-2244
2244,6000241-2245
2246,6000284-2247
2247,6000289-2248
2248,6000353-2249
2249,6000354-2250
2253,6000015-2254
2255,6000001-2256
2258,6000045-2259
2273,6000086-2274
2274,6000110-2275
2276,6000131-2277
2277,6000187-2278
2278,6000200-2279
2279,6000201-2280
2280,6000261-2281
2282,6000331-2283
2297,6000038-2298
2308,6000058-2309
2312,6000095-2313
2316,6000116-2317
2318,6000123-2319
2338,6000168-2339
2344,6000512-2345
2349,6000023-2350
2350,6000026-2351
2351,6000045-2352
2353,2502637-2354
2355,6000025-2356
2358,6000068-2359
2362,6000126-2363
2364,6000225-2365
2365,6000263-2366
2368,6000350-2369
2374,6001316-2375
2376,6001558-2377
2378,6001564-2379
2383,6002036-2384
2392,6003024-2393
2395,6003198-2396
2402,6004341-2403
2406,6005239-2407
2423,6000059-2424
2427,6000116-2428
2428,6000003-2429
2430,6000039-2431
2432,6000108-2433
2434,6000008-2435
2438,6000020-2439
2440,6000061-2441
2441,6000106-2442
2445,6000500-2446
2446,6000545-2447
2450,6000043-2451
2453,6000011-2454
2454,2400371-2455
2456,2600330-2457
2460,2900289-2461
2461,2900303-2462
2474,6000243-2475
2501,6000016-2502
2504,6000111-2505
2506,6000135-2507
2515,6000578-2516
2521,6000815-2522
2559,6000005-2560
2572,6000011-2573
2573,6000019-2574
2593,6000026-2594
2600,6000085-2601
2614,6000088-2615
2615,6000113-2616
2633,6000045-2634
2634,6000059-2635
2638,6000195-2639
2639,6000219-2640
2640,6000222-2641
2642,6000143-2643
2646,6000073-2647
2647,6000075-2648
2653,6000225-2654
2658,6000536-2659
2660,6000581-2661
2668,6001135-2669
2669,6000006-2670
2673,6000016-2674
2675,6000024-2676
2683,6000103-2684
2686,6000147-2687
2687,6000180-2688
2689,6000237-2690
2690,6000247-2691
2692,6000284-2693
2697,6000453-2698
2698,6000457-2699
2702,6000554-2703
2704,6000574-2705
2707,6000698-2708
2711,6000005-2712
2719,6000060-2720
2720,6000020-2721
2726,4800467-2727
2728,6000313-2729
2731,6000063-2732
2734,6000024-2735
2736,6000089-2737
2737,6000100-2738
2748,6000261-2749
2749,6000323-2750
2750,6000338-2751
2751,6000013-2752
2752,6000017-2753
2755,6000039-2756
2762,6000067-2763
2763,6000117-2764
2775,6000205-2776
2778,6000002-2779
2800,6000047-2801
2804,6000013-2805
2807,6000010-2808
2815,6000082-2816
2818,6000236-2819
2825,6000004-2826
2827,6000009-2828
2828,6000010-2829
2830,6000049-2831
2831,6000156-2832
2832,6000157-2833
2841,6000021-2842
2843,6000104-2844
2847,6000007-2848
2848,6000001-2849
2853,6000079-2854
2862,6000077-2863
2864,6000132-2865
2866,6000158-2867
2869,6000177-2870
2870,6000180-2871
2873,6000098-2874
2877,6000015-2878
2880,6000056-2881
2881,6000082-2882
2884,6000052-2885
2923,6000915-2924
2926,6000182-2927
2929,6000042-2930
2930,6000043-2931
2931,6000044-2932
2932,6000080-2933
2938,6000003-2939
2944,6000784-2945
2946,6001007-2947
2953,6000172-2954
2954,6000173-2955
2965,6000033-2966
2967,6000371-2968
2970,6000027-2971
2973,6000058-2974
2974,6000003-2975
2975,7000008-2976
2977,6000802-2978
2979,6000018-2980
2981,6000096-2982
2983,6000247-2984
2985,6000258-2986
2999,6001156-3000
3002,6002036-3003
3013,6000034-3014
3015,6000040-3016
3027,6000038-3028
3029,6000005-3030
3040,1800286-3041
3048,1800381-3049
3064,1800780-3065
3066,1800842-3067
3090,6000039-3091
3092,6000095-3093
3093,6000161-3094
3094,6000190-3095
3095,6000193-3096
3097,6000227-3098
3098,6000228-3099
3099,6000312-3100
3100,6000452-3101
3102,6000014-3103
3103,6000169-3104
3110,6000033-3111
3112,6000008-3113
3113,6000013-3114
3135,6000010-3136
3139,6000085-3140
3143,2600091-3144
3146,2600130-3147
3152,6000005-3153
3155,2500223-3156
3156,2500224-3157
3168,6000006-3169
3173,5700046-3174
3176,5700213-3177
3177,6000021-3178
3179,6000003-3180
3181,6000029-3182
3210,2600126-3211
3211,2600127-3212
3215,6000385-3216
3224,6000048-3225
3231,6000052-3232
3235,7000025-3236
3236,6000005-3237
3237,6000119-3238
3241,6000008-3242
3242,6000010-3243
3245,6000045-3246
3249,6000168-3250
3251,4900336-3252
3259,6000084-3260
3264,6000136-3265
3272,6000023-3273
3273,6000038-3274
3283,2300356-3284
3291,6000902-3292
3296,6001297-3297
3297,6001303-3298
3298,6001346-3299
3299,6001366-3300
3302,6000007-3303
3304,6000012-3305
3317,6000063-3318
3318,6000068-3319
3322,6000021-3323
3329,7000004-3330
3331,6000057-3332
3333,6000136-3334
3343,6000130-3344
3350,6000063-3351
3365,6000187-3366
3399,6000162-3400
3409,6000087-3410
3410,6000089-3411
3412,6000201-3413
3422,6000132-3423
3423,6000027-3424
3424,6000036-3425
3426,6000046-3427
3440,6000032-3441
3441,6000055-3442
3444,6000120-3445
3449,6000179-3450
3450,6000137-3451
3451,6000203-3452
3455,6000371-3456
3458,6000374-3459
3464,6000098-3465
3465,6000133-3466
3483,6000073-3484
3490,6000160-3491
3496,6000233-3497
3497,6000237-3498
3499,6000244-3500
3502,6000295-3503
3504,6000307-3505
3507,6000329-3508
3508,6000367-3509
3510,6000388-3511
3511,6000412-3512
3533,6000066-3534
3541,6000103-3542
3548,6000008-3549
3550,2600010-3551
3554,2601076-3555
3557,6000431-3558
3558,6000856-3559
3560,6000872-3561
3561,6000893-3562
3563,6001562-3564
3566,6001428-3567
3572,6000039-3573
3575,6000062-3576
3576,6000066-3577
3578,6000111-3579
3616,6000186-3617
3648,6000043-3649
3652,6000058-3653
3653,7000001-3654
3657,7000016-3658
3659,6000014-3660
3660,6000349-3661
3663,6001677-3664
3674,6000003-3675
3680,6000007-3681
3684,6000006-3685
3688,6000180-3689
3689,6000206-3690
3698,6000060-3699
3714,6000008-3715
3718,6000012-3719
3719,6000016-3720
3727,6000008-3728
3734,6000011-3735
3745,2100869-3746
3756,6000017-3757
3757,6000022-3758
3759,6000050-3760
3766,6000452-3767
3772,6000348-3773
3775,6000005-3776
3776,6000009-3777
3779,6000043-3780
3781,6000003-3782
3789,6000096-3790
3790,6000107-3791
3791,6000168-3792
3792,6000190-3793
3793,6000229-3794
3809,3400275-3810
3818,3400500-3819
3822,6000145-3823
3837,6000384-3838
3848,6000504-3849
3857,6000302-3858
3858,6000010-3859
3860,6000021-3861
3861,6000033-3862
3864,6000060-3865
3865,6000080-3866
3866,6000014-3867
3867,6000032-3868
3871,6000016-3872
3872,6000005-3873
3878,6000097-3879
3880,6000007-3881
3886,6000017-3887
3887,6000044-3888
3888,6000208-3889
3890,6000209-3891
3891,6000280-3892
3892,6000327-3893
3897,6000657-3898
3900,3900039-3901
3909,6000103-3910
3910,6000110-3911
3911,7000002-3912
3912,6000699-3913
3913,6000020-3914
3914,6000022-3915
3924,6000023-3925
3925,6000038-3926
3929,6000001-3930
3931,6000005-3932
3932,6000007-3933
3933,6000014-3934
3957,6000011-3958
3958,6000013-3959
3959,6000106-3960
3961,6000229-3962
3962,6000001-3963
3963,6000065-3964
3964,6000178-3965
3965,6000206-3966
3972,6000012-3973
3973,6000017-3974
3974,6000019-3975
3979,6000214-3980
3981,6000246-3982
3982,6000247-3983
3983,6000263-3984
3985,6000294-3986
3987,6000159-3988
3989,6000077-3990
3990,6000094-3991
3994,6000163-3995
3996,6000178-3997
3997,6000233-3998
3999,6000271-4000
4001,6000366-4002
4003,6000417-4004
4004,6000418-4005
4009,6000495-4010
4010,6000529-4011
4012,6000590-4013
4014,6000599-4015
4017,6000647-4018
4019,6000673-4020
4023,6000686-4024
4024,6000730-4025
4025,6000735-4026
4026,6000736-4027
4028,6000784-4029
4029,6000814-4030
4030,6000815-4031
4033,6000964-4034
4036,6001011-4037
4038,6000055-4039
4041,6000032-4042
4044,6000045-4045
4046,6000150-4047
4047,6000006-4048
4050,4300225-4051
4059,6000082-4060
4061,6000052-4062
4065,6000085-4066
4067,6000106-4068
4070,6000153-4071
4071,6000154-4072
4072,6000156-4073
4073,6000161-4074
4074,6000162-4075
4075,6000163-4076
4076,6000188-4077
4077,6000193-4078
4083,6000057-4084
4084,6000062-4085
4086,6000198-4087
4090,6000348-4091
4091,6000372-4092
4093,6000432-4094
4094,6000484-4095
4095,6000487-4096
4096,6000750-4097
4098,6000802-4099
4099,6000811-4100
4100,6000821-4101
4104,6000020-4105
4107,6000012-4108
4110,6000089-4111
4111,6000018-4112
4112,6000028-4113
4113,6000160-4114
4116,6000055-4117
4118,6000298-4119
4119,6000312-4120
4124,6000010-4125
4126,6000028-4127
4129,6000038-4130
4130,6000046-4131
4135,6000022-4136
4140,6000116-4141
4142,6000142-4143
4948,6000411-4949
4953,2701857-4954
4971,3701317-4972
4998,6000225-4999
5019,6000278-5020
5028,1700091-5029
5038,6000167-5039
5042,6000189-5043
5043,6000222-5044
5047,6000235-5048
5070,6000607-5071
5072,6000639-5073
5076,6000803-5077
5077,6000812-5078
5093,1504433-5094
5136,1500202-5137
5138,6000147-5139
5153,2901021-5154
5174,6000529-5175
5183,1600240-5184
5190,6000015-5191
5198,6000035-5199
5208,2400393-5209
5212,2400559-5213
5218,2400674-5219
5220,2400674-5221
5237,6000103-5238
5250,6000606-5251
5257,6000877-5258
5278,3200094-5279
5285,6001096-5286
5299,6000753-5300
5301,6000869-5302
5302,6000906-5303
5307,6000064-5308
5317,6000310-5318
5326,6001392-5327
5329,6000028-5330
5349,6000608-5350
5367,6000533-5368
5370,6000588-5371
5378,6000074-5379
5381,6000529-5382
5414,2400664-5415
5418,6000212-5419
5429,6000031-5430
5430,6000559-5431
5445,6000502-5446
5457,6000032-5458
5458,6000039-5459
5468,6000154-5469
5470,6000189-5471
5474,6000271-5475
5475,6000313-5476
5479,6000340-5480
5484,6000406-5485
5486,6000021-5487
5501,6000013-5502
5503,6000027-5504
5505,6000392-5506
5510,6000001-5511
5512,6000171-5513
5513,6000018-5514
5536,2001119-5537
5541,6000060-5542
5560,0001941-5561
5565,1001316-5566
5590,6000201-5591
5595,2400332-5596
5598,6000551-5599
5606,6000032-5607
5608,6000035-5609
5619,6000140-5620
5649,6000171-5650
5650,3602255-5651
5651,3602816-5652
5660,6000252-5661
5661,6000862-5662
5665,6000011-5666
5669,1500067-5670
5675,6000236-5676
5684,2700613-5685
5691,6000088-5692
5694,6000527-5695
5697,6001456-5698
5701,6000422-5702
5714,6000004-5715
5716,6000070-5717
5738,6001482-5739
5746,6000794-5747
5753,1001000-5754
5755,1001079-5756
5777,1800941-5778
5779,6000871-5780
5780,6000302-5781
5782,6000546-5783
5783,6000559-5784
5786,6000050-5787
5806,6000481-5807
5825,2601749-5826
5837,2603103-5838
5839,6000003-5840
5848,6000002-5849
5874,6000065-5875
5876,5301432-5877
5877,6000053-5878
5883,6000274-5884
5884,6000296-5885
5888,2200044-5889
5890,3000360-5891
5891,6000063-5892
5893,6001494-5894
5921,3400991-5922
5928,6000579-5929
5929,6000629-5930
5936,6002512-5937
5939,6002850-5940
5947,6000007-5948
5948,6000112-5949
5950,4001279-5951
5951,4005837-5952
5954,4007846-5955
5955,4008190-5956
5956,6000311-5957
5957,6000425-5958
5960,6001384-5961
5964,6000037-5965
5971,1508811-5972
5977,1509670-5978
5980,1512716-5981
5994,1517021-5995
5996,1517041-5997
6018,2800168-6019
6022,4700388-6023
6026,6001842-6027
6027,6002017-6028
6028,2100229-6029
6032,6000091-6033
6043,6000144-6044
6045,6000158-6046
6046,6001663-6047
6048,6000035-6049
6055,6000132-6056
6056,6000291-6057
6057,6000381-6058
6078,6000170-6079
6089,1001124-6090
6092,6000590-6093
6093,6000107-6094
6095,6000262-6096
6097,6000274-6098
6104,6000028-6105
6108,1601354-6109
6110,6000158-6111
6113,1100253-6114
6115,6000002-6116
6119,6000001-6120
6125,4300173-6126
6126,4300183-6127
6131,6000084-6132
6135,2000286-6136
6141,6000079-6142
6143,6000037-6144
6146,6007845-6147
6147,6000017-6148
6154,2703078-6155
6168,6000528-6169
6179,6000016-6180
6182,1800701-6183
6184,2400507-6185
6185,6000005-6186
6186,6000036-6187
6191,6000071-6192
6193,6000773-6194
6194,6000004-6195
6200,2401565-6201
6201,2401571-6202
6202,2401572-6203
6203,2404385-6204
6204,2404427-6205
6205,2404636-6206
6211,6000075-6212
6213,6000118-6214
6217,6000068-6218
6219,3400019-6220
6226,6000511-6227
6227,6000557-6228
6228,6000574-6229
6229,6000839-6230
6232,6001394-6233
6242,6000293-6243
6247,1800101-6248
6248,6000513-6249
6249,6000399-6250
6252,6000003-6253
6257,6000484-6258
6262,6000002-6263
6264,6000128-6265
6267,6000160-6268
6276,2500290-6277
6280,3800253-6281
6281,3800972-6282
6282,3800978-6283
6286,6000161-6287
6291,6000306-6292
6294,6000437-6295
6297,6000452-6298
6303,6000021-6304
6305,6000134-6306
6313,6000042-6314
6314,6002266-6315
6316,6000128-6317
6319,6000633-6320
6333,2509864-6334
6334,2509909-6335
6339,2800263-6340
6340,4500413-6341
6350,6000032-6351
6355,1900207-6356
6357,6000428-6358
6359,6000033-6360
6362,6000118-6363
6368,6000355-6369
6370,6000382-6371
6375,6000429-6376
6376,6000450-6377
6378,6000602-6379
6387,6000844-6388
6395,6000065-6396
6398,6000279-6399
6399,6000482-6400
6403,6000019-6404
6404,6000019-6405
6406,3000230-6407
6411,6000005-6412
6412,6000280-6413
6413,6000340-6414
6414,6000112-6415
6416,6000182-6417
6419,6000069-6420
6422,6000364-6423
6426,5500079-6427
6428,6000064-6429
6430,6000186-6431
6433,2400034-6434
6434,2400045-6435
6435,4007342-6436
6437,6001111-6438
6438,6001191-6439
6439,6000026-6440
6456,4400242-6457
6468,2600078-6469
6474,4100068-6475
6476,4100312-6477
6480,6000025-6481
6482,1502867-6483
6485,1504328-6486
6486,1504352-6487
6487,1504353-6488
6488,1504353-6489
6491,1504429-6492
6494,1519128-6495
6497,4400063-6498
6502,4400235-6503
6504,4400241-6505
6508,4400352-6509
6509,4400372-6510
6518,6000059-6519
6519,6000312-6520
6522,6000466-6523
6524,6000053-6525
6529,6000004-6530
6530,6000123-6531
6536,6000013-6537
6538,6000013-6539
6539,6000078-6540
6544,6000016-6545
6546,6000036-6547
6549,6000009-6550
6560,6000047-6561
6562,6000747-6563
6563,6000017-6564
6567,6000364-6568
6573,6000004-6574
6574,6000006-6575
6588,6000002-6589
6603,6000263-6604
6609,6000006-6610
6610,6000019-6611
6614,6000136-6615
6621,6000377-6622
6625,6000380-6626
6626,6000008-6627
6627,6000011-6628
6631,2100039-6632
6639,6000002-6640
6641,6000056-6642
6650,4000360-6651
6651,4000362-6652
6657,6000022-6658
6658,6000023-6659
6659,6000024-6660
6672,6000081-6673
6679,6000105-6680
6683,6000119-6684
6688,6000148-6689
6691,6000162-6692
6694,6000178-6695
6701,6000253-6702
6702,6000605-6703
6704,6000010-6705
6707,6000002-6708
6710,6000093-6711
6715,6000330-6716
6716,6000330-6717
6718,6000017-6719
6721,6000029-6722
6722,6000035-6723
6727,6000066-6728
6733,6000117-6734
6734,6000122-6735
6736,6000151-6737
6738,6000154-6739
6741,6000159-6742
6742,6000161-6743
6743,6000166-6744
6758,6000064-6759
6762,6000086-6763
6763,6000639-6764
6768,5600025-6769
6769,5600251-6770
6770,5600342-6771
6771,5600365-6772
6772,5600388-6773
6778,1601723-6779
6779,1601899-6780
6780,1601939-6781
6783,2400476-6784
6784,2400546-6785
6788,2000431-6789
6790,6000008-6791
6791,6000009-6792
6792,6000197-6793
6794,6000055-6795
6795,6000201-6796
6798,6000017-6799
6802,6000006-6803
6803,6000055-6804
6805,6000152-6806
6806,6000210-6807
6807,6000228-6808
6808,6000249-6809
6811,6000863-6812
6812,6000218-6813
6815,6000035-6816
6820,6001399-6821
6823,6001510-6824
6824,6001547-6825
6825,6001636-6826
6829,6000170-6830
6831,6000743-6832
6840,6000048-6841
6843,1400250-6844
6845,1400542-6846
6848,2500090-6849
6851,2500461-6852
6855,6000009-6856
6858,2700481-6859
6859,6000023-6860
6861,6000010-6862
6862,6000060-6863
6864,6000209-6865
6865,6000088-6866
6879,5600652-6880
6881,5600654-6882
6884,5600672-6885
6890,5600849-6891
6891,5600850-6892
6893,5600854-6894
6903,2100560-6904
6916,2102221-6917
6918,2504450-6919
6919,2504499-6920
6923,6000002-6924
6926,6000016-6927
6929,6000019-6930
6938,6000066-6939
6941,6000081-6942
6942,6000084-6943
6951,6000098-6952
6954,6000106-6955
6963,7000009-6964
6966,6000533-6967
6968,6000037-6969
6973,6000478-6974
6974,6000005-6975
6977,3500034-6978
6986,3500136-6987
6991,3500203-6992
6992,3500204-6993
6997,6000175-6998
7008,6000080-7009
7021,6000263-7022
7023,1401803-7024
7024,6000050-7025
7026,6000165-7027
7027,6000180-7028
7029,6000360-7030
7043,6000274-7044
7045,6000003-7046
7046,6000004-7047
7047,2600025-7048
7048,2600121-7049
7049,6000036-7050
7050,6000037-7051
7053,6000227-7054
7055,6000254-7056
7057,6000166-7058
7059,6000020-7060
7061,6000327-7062
7063,6000357-7064
7065,6000367-7066
7066,6000428-7067
7067,6000488-7068
7069,6000496-7070
7070,6000503-7071
7071,6000254-7072
7072,6000468-7073
7073,6000256-7074
7074,6000330-7075
7080,6000068-7081
7081,6000048-7082
7082,6000052-7083
7086,2200463-7087
7087,2200730-7088
7088,2201012-7089
7089,2201049-7090
7092,6002050-7093
7103,6000730-7104
7104,6000730-7105
7105,6000077-7106
7106,6000002-7107
7108,6000080-7109
7110,6000109-7111
7113,6000013-7114
7115,6000042-7116
7118,6000211-7119
7120,6000290-7121
7125,6000020-7126
7126,6000023-7127
7127,6000025-7128
7128,6000026-7129
7129,6000041-7130
7134,2001004-7135
7136,2001625-7137
7138,6003056-7139
7139,2800006-7140
7141,2800013-7142
7142,2800067-7143
7145,6000421-7146
7146,6000669-7147
7147,6000085-7148
7152,1200682-7153
7153,1200885-7154
7155,1201512-7156
7160,6000949-7161
7161,6000986-7162
7166,2400498-7167
7167,2400499-7168
7168,2400510-7169
7170,2400545-7171
7171,2400546-7172
7172,2400548-7173
7175,3700016-7176
7176,3700022-7177
7178,3700216-7179
7180,3700339-7181
7181,3700346-7182
7182,3700377-7183
7190,3700728-7191
7192,3700813-7193
7202,6014638-7203
7213,6000016-7214
7220,6000019-7221
7223,6000023-7224
7227,2805279-7228
7247,6000522-7248
7264,6001154-7265
7288,1603926-7289
7291,6000005-7292
7295,6000056-7296
7297,6000080-7298
7300,6000123-7301
7302,3700107-7303
7303,3400548-7304
7306,1800708-7307
7307,1800783-7308
7324,6000425-7325
7331,6000514-7332
7334,1000140-7335
7336,2700842-7337
7339,2500060-7340
7344,3602652-7345
7346,6000027-7347
7353,6000075-7354
7362,6000336-7363
7363,6000144-7364
7365,2700055-7366
7366,2700125-7367
7367,2700158-7368
7368,2700216-7369
7369,2700426-7370
7372,2701579-7373
7373,2701598-7374
7374,2701725-7375
7375,6001182-7376
7376,6000092-7377
7379,6000021-7380
7383,6000037-7384
7385,6000430-7386
7386,6000812-7387
7394,6000034-7395
7395,6000040-7396
7400,6000290-7401
7402,6000661-7403
7411,6000137-7412
7412,6000164-7413
7416,6000010-7417
7417,6000023-7418
7418,6000033-7419
7419,6000043-7420
7420,6000044-7421
7421,6000121-7422
7423,6000033-7424
7424,6000354-7425
7427,6000135-7428
7431,5500185-7432
7432,6000075-7433
7434,6000442-7435
7437,6000381-7438
7438,6000042-7439
7439,6000067-7440
7446,6001150-7447
7447,6001265-7448
7449,6001477-7450
7452,6000003-7453
7453,6000104-7454
7457,6000002-7458
7474,6000029-7475
7475,6000030-7476
7478,6000006-7479
7480,6000093-7481
7501,6000030-7502
7502,6000037-7503
7506,6000033-7507
7510,6000011-7511
7511,6000011-7512
7512,6000100-7513
7520,3600326-7521
7521,6000323-7522
7528,2100556-7529
7535,6000074-7536
7538,6000079-7539
7542,1401737-7543
7543,2200702-7544
7544,3901167-7545
7549,1000070-7550
7551,6000099-7552
7553,6000041-7554
7555,6000010-7556
7556,6000010-7557
7557,6000036-7558
7558,6000036-7559
7559,6000024-7560
7561,2501683-7562
7562,6000089-7563
7564,6001158-7565
7567,6000016-7568
7569,6000006-7570
7570,6000013-7571
7572,6000021-7573
7573,6000023-7574
7574,6000301-7575
7578,6000625-7579
7579,2501215-7580
7584,6000052-7585
7587,6000004-7588
7589,6000129-7590
7590,6000314-7591
7599,4300060-7600
7600,4300259-7601
7602,4300295-7603
7610,6002597-7611
