,product.code
0,0001941-5561
1,1000070-7550
2,1000140-7335
3,1001000-5754
4,1001079-5756
5,1001124-6090
6,1001316-5566
7,1100253-6114
8,1200148-2122
9,1200682-7153
10,1200885-7154
11,1201512-7156
12,1400250-6844
13,1400542-6846
14,1401737-7543
15,1401803-7024
16,1500067-5670
17,1500202-5137
18,1500850-0611
19,1501028-0612
20,1502867-6483
21,1504328-6486
22,1504352-6487
23,1504353-6488
24,1504353-6489
25,1504429-6492
26,1504433-5094
27,1508811-5972
28,1509670-5978
29,1512716-5981
30,1517021-5995
31,1517041-5997
32,1519128-6495
33,1600240-5184
34,1601354-6109
35,1601723-6779
36,1601899-6780
37,1601939-6781
38,1603926-7289
39,1700091-5029
40,1800101-6248
41,1800286-3041
42,1800381-3049
43,1800484-1394
44,1800485-1395
45,1800498-1397
46,1800701-6183
47,1800708-7307
48,1800729-1398
49,1800780-3065
50,1800783-7308
51,1800941-5778
52,1800953-1405
53,1800999-1406
54,1801046-1409
55,1801048-1410
56,1801103-1412
57,1801105-1413
58,1805462-0060
59,1900086-1775
60,1900207-6356
61,2000286-6136
62,2000431-6789
63,2001004-7135
64,2001119-5537
65,2001625-7137
66,2100039-6632
67,2100229-6029
68,2100556-7529
69,2100560-6904
70,2100869-3746
71,2102221-6917
72,2200044-5889
73,2200463-7087
74,2200702-7544
75,2200730-7088
76,2201012-7089
77,2201049-7090
78,2300121-1524
79,2300234-1729
80,2300356-3284
81,2400034-6434
82,2400039-0983
83,2400045-6435
84,2400161-0985
85,2400332-5596
86,2400371-2455
87,2400393-5209
88,2400476-6784
89,2400498-7167
90,2400499-7168
91,2400507-6185
92,2400510-7169
93,2400545-7171
94,2400546-6785
95,2400546-7172
96,2400548-7173
97,2400559-5213
98,2400664-5415
99,2400674-5219
100,2400674-5221
101,2401565-6201
102,2401571-6202
103,2401572-6203
104,2404385-6204
105,2404427-6205
106,2404636-6206
107,2500060-7340
108,2500066-2028
109,2500089-2030
110,2500090-6849
111,2500168-1218
112,2500223-3156
113,2500224-3157
114,2500241-2075
115,2500290-6277
116,2500403-2040
117,2500461-6852
118,2501215-7580
119,2501683-7562
120,2502637-2354
121,2504450-6919
122,2504499-6920
123,2509864-6334
124,2509909-6335
125,2600010-3551
126,2600025-7048
127,2600078-6469
128,2600091-3144
129,2600121-7049
130,2600126-3211
131,2600127-3212
132,2600130-3147
133,2600330-2457
134,2600338-1115
135,2601076-3555
136,2601749-5826
137,2603103-5838
138,2700055-7366
139,2700125-7367
140,2700158-7368
141,2700216-7369
142,2700426-7370
143,2700481-6859
144,2700613-5685
145,2700842-7337
146,2701579-7373
147,2701598-7374
148,2701725-7375
149,2701857-4954
150,2701927-4153
151,2703078-6155
152,2800006-7140
153,2800007-0207
154,2800013-7142
155,2800067-7143
156,2800168-6019
157,2800263-6340
158,2800516-0210
159,2800522-0211
160,2800784-1341
161,2805279-7228
162,2900047-1820
163,2900102-1824
164,2900289-2461
165,2900303-2462
166,2901021-5154
167,3000230-6407
168,3000360-5891
169,3100188-1696
170,3100194-1697
171,3100237-1698
172,3200094-5279
173,3300415-1017
174,3300581-1022
175,3400019-6220
176,3400275-3810
177,3400500-3819
178,3400548-7304
179,3400991-5922
180,3500034-6978
181,3500070-1537
182,3500076-1540
183,3500079-1542
184,3500080-1543
185,3500096-1545
186,3500136-6987
187,3500203-6992
188,3500204-6993
189,3600326-7521
190,3602255-5651
191,3602652-7345
192,3602816-5652
193,3700016-7176
194,3700022-7177
195,3700107-7303
196,3700216-7179
197,3700339-7181
198,3700346-7182
199,3700377-7183
200,3700728-7191
201,3700813-7193
202,3701317-4972
203,3800253-6281
204,3800972-6282
205,3800978-6283
206,3900039-3901
207,3901167-7545
208,4000360-6651
209,4000362-6652
210,4001279-5951
211,4001407-0378
212,4001409-0379
213,4005432-0380
214,4005837-5952
215,4006814-0381
216,4007092-0382
217,4007342-6436
218,4007399-0383
219,4007846-5955
220,4008134-0384
221,4008190-5956
222,4100068-6475
223,4100243-0555
224,4100255-0558
225,4100270-0559
226,4100312-6477
227,4100360-0563
228,4100468-0564
229,4100471-0565
230,4100481-0566
231,4100533-0569
232,4300060-7600
233,4300173-6126
234,4300183-6127
235,4300225-4051
236,4300259-7601
237,4300295-7603
238,4400063-6498
239,4400235-6503
240,4400241-6505
241,4400242-6457
242,4400352-6509
243,4400372-6510
244,4500413-6341
245,4500623-1937
246,4700388-6023
247,4800467-2727
248,4900074-0843
249,4900310-1661
250,4900336-3252
251,4900362-1664
252,4900397-2186
253,5100014-0410
254,5301432-5877
255,5500079-6427
256,5500185-7432
257,5600025-6769
258,5600251-6770
259,5600342-6771
260,5600365-6772
261,5600388-6773
262,5600652-6880
263,5600654-6882
264,5600672-6885
265,5600849-6891
266,5600850-6892
267,5600854-6894
268,5700046-3174
269,5700213-3177
270,6000001-0333
271,6000001-0510
272,6000001-1046
273,6000001-1111
274,6000001-1334
275,6000001-1378
276,6000001-1487
277,6000001-2173
278,6000001-2256
279,6000001-2849
280,6000001-3930
281,6000001-3963
282,6000001-5511
283,6000001-6120
284,6000002-0075
285,6000002-0088
286,6000002-0444
287,6000002-0516
288,6000002-1854
289,6000002-2046
290,6000002-2779
291,6000002-5849
292,6000002-6116
293,6000002-6263
294,6000002-6589
295,6000002-6640
296,6000002-6708
297,6000002-6924
298,6000002-7107
299,6000002-7458
300,6000003-1042
301,6000003-1106
302,6000003-1379
303,6000003-1678
304,6000003-2429
305,6000003-2939
306,6000003-2975
307,6000003-3180
308,6000003-3675
309,6000003-3782
310,6000003-4058
311,6000003-5840
312,6000003-6253
313,6000003-7046
314,6000003-7453
315,6000004-0070
316,6000004-1210
317,6000004-1514
318,6000004-1557
319,6000004-1897
320,6000004-2826
321,6000004-5715
322,6000004-6195
323,6000004-6530
324,6000004-6574
325,6000004-7047
326,6000004-7588
327,6000005-0089
328,6000005-0339
329,6000005-0467
330,6000005-1500
331,6000005-1762
332,6000005-1898
333,6000005-2051
334,6000005-2560
335,6000005-2712
336,6000005-3030
337,6000005-3153
338,6000005-3237
339,6000005-3776
340,6000005-3873
341,6000005-3932
342,6000005-6186
343,6000005-6412
344,6000005-6975
345,6000005-7292
346,6000006-0090
347,6000006-0183
348,6000006-0602
349,6000006-1735
350,6000006-1745
351,6000006-1899
352,6000006-2147
353,6000006-2670
354,6000006-3169
355,6000006-3685
356,6000006-4048
357,6000006-6575
358,6000006-6610
359,6000006-6803
360,6000006-7479
361,6000006-7570
362,6000007-0184
363,6000007-0255
364,6000007-0608
365,6000007-2848
366,6000007-3303
367,6000007-3681
368,6000007-3881
369,6000007-3933
370,6000007-5948
371,6000008-0517
372,6000008-1065
373,6000008-1066
374,6000008-1310
375,6000008-1485
376,6000008-1665
377,6000008-1969
378,6000008-2435
379,6000008-3113
380,6000008-3242
381,6000008-3549
382,6000008-3715
383,6000008-3728
384,6000008-6627
385,6000008-6791
386,6000009-0180
387,6000009-1434
388,6000009-1489
389,6000009-1680
390,6000009-1718
391,6000009-2162
392,6000009-2828
393,6000009-3777
394,6000009-6550
395,6000009-6792
396,6000009-6856
397,6000010-1700
398,6000010-1719
399,6000010-1810
400,6000010-2808
401,6000010-2829
402,6000010-3136
403,6000010-3243
404,6000010-3859
405,6000010-4125
406,6000010-6705
407,6000010-6862
408,6000010-7417
409,6000010-7556
410,6000010-7557
411,6000011-0294
412,6000011-0317
413,6000011-0511
414,6000011-1053
415,6000011-1226
416,6000011-1998
417,6000011-2454
418,6000011-2573
419,6000011-3735
420,6000011-3958
421,6000011-5666
422,6000011-6628
423,6000011-7511
424,6000011-7512
425,6000012-3305
426,6000012-3719
427,6000012-3973
428,6000012-4108
429,6000013-0212
430,6000013-0400
431,6000013-1667
432,6000013-1736
433,6000013-1932
434,6000013-2004
435,6000013-2158
436,6000013-2752
437,6000013-2805
438,6000013-3114
439,6000013-3959
440,6000013-5502
441,6000013-6537
442,6000013-6539
443,6000013-7114
444,6000013-7571
445,6000014-0038
446,6000014-0094
447,6000014-0224
448,6000014-1047
449,6000014-1054
450,6000014-1452
451,6000014-1648
452,6000014-1699
453,6000014-2052
454,6000014-2183
455,6000014-3103
456,6000014-3660
457,6000014-3867
458,6000014-3934
459,6000015-0078
460,6000015-0197
461,6000015-0295
462,6000015-0917
463,6000015-1003
464,6000015-1072
465,6000015-1191
466,6000015-1263
467,6000015-1501
468,6000015-1763
469,6000015-2254
470,6000015-2878
471,6000015-5191
472,6000016-0099
473,6000016-0479
474,6000016-0651
475,6000016-0653
476,6000016-1590
477,6000016-2502
478,6000016-2674
479,6000016-3720
480,6000016-3872
481,6000016-6180
482,6000016-6545
483,6000016-6927
484,6000016-7214
485,6000016-7568
486,6000017-1258
487,6000017-1502
488,6000017-2753
489,6000017-3757
490,6000017-3887
491,6000017-3974
492,6000017-6148
493,6000017-6564
494,6000017-6719
495,6000017-6799
496,6000018-1322
497,6000018-1666
498,6000018-1789
499,6000018-2190
500,6000018-2980
501,6000018-4112
502,6000018-5514
503,6000019-0619
504,6000019-2574
505,6000019-3975
506,6000019-6404
507,6000019-6405
508,6000019-6611
509,6000019-6930
510,6000019-7221
511,6000020-0652
512,6000020-1259
513,6000020-1493
514,6000020-2439
515,6000020-2721
516,6000020-3914
517,6000020-4105
518,6000020-7060
519,6000020-7126
520,6000021-0572
521,6000021-0620
522,6000021-0637
523,6000021-1134
524,6000021-1795
525,6000021-2842
526,6000021-3178
527,6000021-3323
528,6000021-3861
529,6000021-5487
530,6000021-6304
531,6000021-7380
532,6000021-7573
533,6000022-0198
534,6000022-1391
535,6000022-1833
536,6000022-2023
537,6000022-3758
538,6000022-3915
539,6000022-4136
540,6000022-6658
541,6000023-0297
542,6000023-0367
543,6000023-1392
544,6000023-1790
545,6000023-2350
546,6000023-3273
547,6000023-3925
548,6000023-6659
549,6000023-6860
550,6000023-7127
551,6000023-7224
552,6000023-7418
553,6000023-7574
554,6000024-0609
555,6000024-1347
556,6000024-1526
557,6000024-1920
558,6000024-2676
559,6000024-2735
560,6000024-6660
561,6000024-7560
562,6000025-1211
563,6000025-2356
564,6000025-6481
565,6000025-7128
566,6000026-0338
567,6000026-1030
568,6000026-1882
569,6000026-2351
570,6000026-2594
571,6000026-6440
572,6000026-7129
573,6000027-0040
574,6000027-0058
575,6000027-0298
576,6000027-1455
577,6000027-1494
578,6000027-1530
579,6000027-1635
580,6000027-2971
581,6000027-3424
582,6000027-5504
583,6000027-7347
584,6000028-1636
585,6000028-1708
586,6000028-4113
587,6000028-4127
588,6000028-5330
589,6000028-6105
590,6000029-1313
591,6000029-1637
592,6000029-1649
593,6000029-1901
594,6000029-3182
595,6000029-6722
596,6000029-7475
597,6000030-0041
598,6000030-0872
599,6000030-1383
600,6000030-1693
601,6000030-1902
602,6000030-7476
603,6000030-7502
604,6000031-0244
605,6000031-1222
606,6000031-1355
607,6000031-5430
608,6000032-1738
609,6000032-3441
610,6000032-3868
611,6000032-4042
612,6000032-5458
613,6000032-5607
614,6000032-6351
615,6000033-1796
616,6000033-2024
617,6000033-2199
618,6000033-2966
619,6000033-3111
620,6000033-3862
621,6000033-6360
622,6000033-7419
623,6000033-7424
624,6000033-7507
625,6000034-0182
626,6000034-2153
627,6000034-3014
628,6000034-7395
629,6000035-1001
630,6000035-1221
631,6000035-5199
632,6000035-5609
633,6000035-6049
634,6000035-6723
635,6000035-6816
636,6000036-1921
637,6000036-3425
638,6000036-6187
639,6000036-6547
640,6000036-7050
641,6000036-7558
642,6000036-7559
643,6000037-0437
644,6000037-1495
645,6000037-1922
646,6000037-1955
647,6000037-5965
648,6000037-6144
649,6000037-6969
650,6000037-7051
651,6000037-7384
652,6000037-7503
653,6000038-0958
654,6000038-1025
655,6000038-2298
656,6000038-3028
657,6000038-3274
658,6000038-3926
659,6000038-4130
660,6000039-1761
661,6000039-1804
662,6000039-2431
663,6000039-2756
664,6000039-3091
665,6000039-3573
666,6000039-5459
667,6000040-0923
668,6000040-2135
669,6000040-3016
670,6000040-7396
671,6000041-0228
672,6000041-1049
673,6000041-7130
674,6000041-7554
675,6000042-0044
676,6000042-1241
677,6000042-2930
678,6000042-6314
679,6000042-7116
680,6000042-7439
681,6000043-1193
682,6000043-1769
683,6000043-1792
684,6000043-2451
685,6000043-2931
686,6000043-3649
687,6000043-3780
688,6000043-7420
689,6000044-0894
690,6000044-2932
691,6000044-3888
692,6000044-7421
693,6000045-2200
694,6000045-2259
695,6000045-2352
696,6000045-2634
697,6000045-3246
698,6000045-4045
699,6000046-0098
700,6000046-0399
701,6000046-0401
702,6000046-3427
703,6000046-4131
704,6000047-0202
705,6000047-0895
706,6000047-1056
707,6000047-2801
708,6000047-6561
709,6000048-0429
710,6000048-1599
711,6000048-2140
712,6000048-3225
713,6000048-6841
714,6000048-7082
715,6000049-1668
716,6000049-1968
717,6000049-2083
718,6000049-2831
719,6000050-1793
720,6000050-3760
721,6000050-5787
722,6000050-7025
723,6000051-1000
724,6000051-1531
725,6000052-1125
726,6000052-1356
727,6000052-2885
728,6000052-3232
729,6000052-4062
730,6000052-7083
731,6000052-7585
732,6000053-0739
733,6000053-1933
734,6000053-2094
735,6000053-5878
736,6000053-6525
737,6000054-1496
738,6000054-1797
739,6000054-2095
740,6000055-1385
741,6000055-3442
742,6000055-4039
743,6000055-4117
744,6000055-6795
745,6000055-6804
746,6000056-0926
747,6000056-2050
748,6000056-2881
749,6000056-6642
750,6000056-7296
751,6000057-0203
752,6000057-2071
753,6000057-3332
754,6000057-4084
755,6000058-0096
756,6000058-2309
757,6000058-2974
758,6000058-3653
759,6000059-0927
760,6000059-2424
761,6000059-2635
762,6000059-6519
763,6000060-0928
764,6000060-2720
765,6000060-3699
766,6000060-3865
767,6000060-5542
768,6000060-6863
769,6000061-0246
770,6000061-0929
771,6000061-1050
772,6000061-1209
773,6000061-2441
774,6000062-0048
775,6000062-0624
776,6000062-3576
777,6000062-4085
778,6000063-2197
779,6000063-2732
780,6000063-3318
781,6000063-3351
782,6000063-5892
783,6000064-1873
784,6000064-5308
785,6000064-6429
786,6000064-6759
787,6000065-0640
788,6000065-3964
789,6000065-5875
790,6000065-6396
791,6000066-1510
792,6000066-2202
793,6000066-3534
794,6000066-3577
795,6000066-6728
796,6000066-6939
797,6000067-0199
798,6000067-1358
799,6000067-1709
800,6000067-2763
801,6000067-7440
802,6000068-0961
803,6000068-2359
804,6000068-3319
805,6000068-6218
806,6000068-7081
807,6000069-6420
808,6000070-1331
809,6000070-2178
810,6000070-5717
811,6000071-0217
812,6000071-0896
813,6000071-6192
814,6000073-2647
815,6000073-3484
816,6000074-5379
817,6000074-7536
818,6000075-0319
819,6000075-2648
820,6000075-6212
821,6000075-7354
822,6000075-7433
823,6000076-0980
824,6000077-0840
825,6000077-1186
826,6000077-2863
827,6000077-3990
828,6000077-7106
829,6000078-1903
830,6000078-6540
831,6000079-0582
832,6000079-1638
833,6000079-2184
834,6000079-2854
835,6000079-6142
836,6000079-7539
837,6000080-1602
838,6000080-1669
839,6000080-2933
840,6000080-3866
841,6000080-7009
842,6000080-7109
843,6000080-7298
844,6000081-0200
845,6000081-1432
846,6000081-6673
847,6000081-6942
848,6000082-2816
849,6000082-2882
850,6000082-4060
851,6000083-0489
852,6000083-0874
853,6000083-1240
854,6000084-0875
855,6000084-3260
856,6000084-6132
857,6000084-6943
858,6000085-1757
859,6000085-2601
860,6000085-3140
861,6000085-4066
862,6000085-7148
863,6000086-1868
864,6000086-2274
865,6000086-6763
866,6000087-0982
867,6000087-3410
868,6000088-1369
869,6000088-2130
870,6000088-2615
871,6000088-5692
872,6000088-6866
873,6000089-2737
874,6000089-3411
875,6000089-4111
876,6000089-7563
877,6000091-0196
878,6000091-6033
879,6000092-0257
880,6000092-1505
881,6000092-1799
882,6000092-7377
883,6000093-1260
884,6000093-6711
885,6000093-7481
886,6000094-0002
887,6000094-3991
888,6000095-0057
889,6000095-2313
890,6000095-3093
891,6000096-2125
892,6000096-2982
893,6000096-3790
894,6000097-3879
895,6000098-0522
896,6000098-0885
897,6000098-1107
898,6000098-2874
899,6000098-3465
900,6000098-6952
901,6000099-1140
902,6000099-7552
903,6000100-0003
904,6000100-0935
905,6000100-2738
906,6000100-7513
907,6000103-1690
908,6000103-2237
909,6000103-2684
910,6000103-3542
911,6000103-3910
912,6000103-5238
913,6000104-0886
914,6000104-2844
915,6000104-7454
916,6000105-0459
917,6000105-6680
918,6000106-0050
919,6000106-2101
920,6000106-2442
921,6000106-3960
922,6000106-4068
923,6000106-6955
924,6000107-3791
925,6000107-6094
926,6000108-0523
927,6000108-2066
928,6000108-2089
929,6000108-2433
930,6000109-1348
931,6000109-7111
932,6000110-2067
933,6000110-2275
934,6000110-3911
935,6000111-1445
936,6000111-2505
937,6000112-5949
938,6000112-6415
939,6000113-0584
940,6000113-2616
941,6000114-0585
942,6000114-0878
943,6000114-1904
944,6000114-1949
945,6000115-0586
946,6000115-1591
947,6000115-1950
948,6000116-2317
949,6000116-2428
950,6000116-4141
951,6000117-2764
952,6000117-6734
953,6000118-0587
954,6000118-1196
955,6000118-2230
956,6000118-6214
957,6000118-6363
958,6000119-1905
959,6000119-3238
960,6000119-6684
961,6000120-1951
962,6000120-3445
963,6000121-0588
964,6000121-7422
965,6000122-2231
966,6000122-6735
967,6000123-2319
968,6000123-6531
969,6000123-7301
970,6000125-2069
971,6000126-1223
972,6000126-2363
973,6000127-1224
974,6000128-0889
975,6000128-6265
976,6000128-6317
977,6000129-0235
978,6000129-7590
979,6000130-3344
980,6000131-1800
981,6000131-2277
982,6000132-0890
983,6000132-1442
984,6000132-2205
985,6000132-2865
986,6000132-3423
987,6000132-6056
988,6000133-3466
989,6000134-0026
990,6000134-0236
991,6000134-6306
992,6000135-2507
993,6000135-7428
994,6000136-0589
995,6000136-1201
996,6000136-3265
997,6000136-3334
998,6000136-6615
999,6000137-1654
1000,6000137-3451
1001,6000137-7412
1002,6000138-1655
1003,6000140-5620
1004,6000142-4143
1005,6000143-2643
1006,6000144-6044
1007,6000144-7364
1008,6000145-2103
1009,6000145-3823
1010,6000147-2687
1011,6000147-5139
1012,6000148-6689
1013,6000149-0029
1014,6000149-2239
1015,6000150-0576
1016,6000150-4047
1017,6000151-6737
1018,6000152-1293
1019,6000152-6806
1020,6000153-0645
1021,6000153-4071
1022,6000154-4072
1023,6000154-5469
1024,6000154-6739
1025,6000155-2104
1026,6000155-2206
1027,6000156-2207
1028,6000156-2832
1029,6000156-4073
1030,6000157-1657
1031,6000157-2833
1032,6000158-0646
1033,6000158-2867
1034,6000158-6046
1035,6000158-6111
1036,6000159-3988
1037,6000159-6742
1038,6000160-1350
1039,6000160-3491
1040,6000160-4114
1041,6000160-6268
1042,6000161-3094
1043,6000161-4074
1044,6000161-6287
1045,6000161-6743
1046,6000162-0073
1047,6000162-2240
1048,6000162-3400
1049,6000162-4075
1050,6000162-6692
1051,6000163-3995
1052,6000163-4076
1053,6000164-1659
1054,6000164-7413
1055,6000165-7027
1056,6000166-6744
1057,6000166-7058
1058,6000167-5039
1059,6000168-2339
1060,6000168-3250
1061,6000168-3792
1062,6000169-0965
1063,6000169-3104
1064,6000170-6079
1065,6000170-6830
1066,6000171-0416
1067,6000171-5513
1068,6000171-5650
1069,6000172-1202
1070,6000172-2209
1071,6000172-2954
1072,6000173-2955
1073,6000175-6998
1074,6000176-2142
1075,6000177-2870
1076,6000178-0594
1077,6000178-0966
1078,6000178-3965
1079,6000178-3997
1080,6000178-6695
1081,6000179-0527
1082,6000179-3450
1083,6000180-2210
1084,6000180-2688
1085,6000180-2871
1086,6000180-3689
1087,6000180-7028
1088,6000181-1364
1089,6000182-2927
1090,6000182-6417
1091,6000184-0838
1092,6000186-0577
1093,6000186-3617
1094,6000186-6431
1095,6000187-2241
1096,6000187-2278
1097,6000187-3366
1098,6000188-4077
1099,6000189-1365
1100,6000189-5043
1101,6000189-5471
1102,6000190-2108
1103,6000190-3095
1104,6000190-3793
1105,6000193-3096
1106,6000193-4078
1107,6000194-0596
1108,6000195-1952
1109,6000195-2639
1110,6000196-0647
1111,6000197-6793
1112,6000198-0499
1113,6000198-4087
1114,6000199-0648
1115,6000200-0528
1116,6000200-0866
1117,6000200-1086
1118,6000200-2279
1119,6000201-2280
1120,6000201-3413
1121,6000201-5591
1122,6000201-6796
1123,6000203-0649
1124,6000203-3452
1125,6000205-1203
1126,6000205-2776
1127,6000206-3690
1128,6000206-3966
1129,6000208-3889
1130,6000209-1944
1131,6000209-3891
1132,6000209-6865
1133,6000210-1467
1134,6000210-6807
1135,6000211-7119
1136,6000212-5419
1137,6000214-3980
1138,6000218-1977
1139,6000218-6813
1140,6000219-2640
1141,6000221-2180
1142,6000222-2641
1143,6000222-5044
1144,6000225-2365
1145,6000225-2654
1146,6000225-4999
1147,6000227-3098
1148,6000227-7054
1149,6000228-0650
1150,6000228-0867
1151,6000228-3099
1152,6000228-6808
1153,6000229-1740
1154,6000229-3794
1155,6000229-3962
1156,6000230-1741
1157,6000233-3497
1158,6000233-3998
1159,6000235-2181
1160,6000235-5048
1161,6000236-1895
1162,6000236-2819
1163,6000236-5676
1164,6000237-3498
1165,6000238-1979
1166,6000239-2213
1167,6000240-0600
1168,6000240-2244
1169,6000241-2214
1170,6000241-2245
1171,6000243-0268
1172,6000243-0601
1173,6000243-2475
1174,6000244-3500
1175,6000245-1150
1176,6000246-3982
1177,6000247-1517
1178,6000247-2691
1179,6000247-2984
1180,6000247-3983
1181,6000249-0530
1182,6000249-6809
1183,6000252-0814
1184,6000252-0870
1185,6000252-5661
1186,6000253-6702
1187,6000254-1079
1188,6000254-7056
1189,6000254-7072
1190,6000256-7074
1191,6000258-2986
1192,6000259-0385
1193,6000260-0371
1194,6000261-2281
1195,6000261-2749
1196,6000262-6096
1197,6000263-2366
1198,6000263-3984
1199,6000263-6604
1200,6000263-7022
1201,6000265-1305
1202,6000266-0082
1203,6000270-1518
1204,6000271-1063
1205,6000271-4000
1206,6000271-5475
1207,6000274-2113
1208,6000274-5884
1209,6000274-6098
1210,6000274-7044
1211,6000275-2146
1212,6000278-5020
1213,6000279-6399
1214,6000280-1743
1215,6000280-3892
1216,6000280-6413
1217,6000281-1896
1218,6000283-0534
1219,6000284-0535
1220,6000284-2247
1221,6000284-2693
1222,6000287-2216
1223,6000289-2248
1224,6000290-7121
1225,6000290-7401
1226,6000291-6057
1227,6000293-2115
1228,6000293-6243
1229,6000294-3986
1230,6000295-3503
1231,6000296-5885
1232,6000298-4119
1233,6000301-0004
1234,6000301-7575
1235,6000302-1672
1236,6000302-3858
1237,6000302-5781
1238,6000304-0972
1239,6000306-6292
1240,6000307-0005
1241,6000307-3505
1242,6000310-5318
1243,6000311-1650
1244,6000311-5957
1245,6000312-1673
1246,6000312-3100
1247,6000312-4120
1248,6000312-6520
1249,6000313-2729
1250,6000313-5476
1251,6000314-7591
1252,6000323-2750
1253,6000323-7522
1254,6000326-1375
1255,6000327-3893
1256,6000327-7062
1257,6000328-2766
1258,6000329-3508
1259,6000330-6716
1260,6000330-6717
1261,6000330-7075
1262,6000331-2283
1263,6000334-0309
1264,6000336-7363
1265,6000338-2751
1266,6000340-5480
1267,6000340-6414
1268,6000345-1565
1269,6000348-0007
1270,6000348-2060
1271,6000348-3773
1272,6000348-4091
1273,6000349-3661
1274,6000350-2369
1275,6000351-0372
1276,6000352-0536
1277,6000353-2249
1278,6000354-2250
1279,6000354-7425
1280,6000355-6369
1281,6000357-7064
1282,6000360-7030
1283,6000364-6423
1284,6000364-6568
1285,6000366-4002
1286,6000367-0240
1287,6000367-3509
1288,6000367-7066
1289,6000368-0537
1290,6000369-0538
1291,6000370-0386
1292,6000371-1474
1293,6000371-2968
1294,6000371-3456
1295,6000372-4092
1296,6000374-3459
1297,6000376-1279
1298,6000377-6622
1299,6000378-0010
1300,6000380-6626
1301,6000381-6058
1302,6000381-7438
1303,6000382-6371
1304,6000384-3838
1305,6000385-3216
1306,6000388-3511
1307,6000392-5506
1308,6000399-6250
1309,6000402-0241
1310,6000406-0201
1311,6000406-5485
1312,6000408-1243
1313,6000411-1675
1314,6000411-4949
1315,6000412-3512
1316,6000417-4004
1317,6000419-0540
1318,6000421-7146
1319,6000422-5702
1320,6000425-5958
1321,6000425-7325
1322,6000428-6358
1323,6000428-7067
1324,6000429-6376
1325,6000430-1245
1326,6000430-7386
1327,6000431-3558
1328,6000432-4094
1329,6000437-6295
1330,6000442-2085
1331,6000442-7435
1332,6000446-1676
1333,6000450-6377
1334,6000452-3101
1335,6000452-3767
1336,6000452-6298
1337,6000453-2698
1338,6000454-0388
1339,6000457-2699
1340,6000458-0430
1341,6000466-6523
1342,6000468-7073
1343,6000478-6974
1344,6000481-5807
1345,6000482-1283
1346,6000482-6400
1347,6000484-1284
1348,6000484-4095
1349,6000484-6258
1350,6000487-4096
1351,6000488-7068
1352,6000495-4010
1353,6000496-7070
1354,6000497-0785
1355,6000500-2446
1356,6000501-1891
1357,6000502-5446
1358,6000503-7071
1359,6000504-0542
1360,6000504-3849
1361,6000510-1817
1362,6000511-6227
1363,6000512-2345
1364,6000513-6249
1365,6000514-0014
1366,6000514-1287
1367,6000514-1677
1368,6000514-7332
1369,6000522-7248
1370,6000525-1985
1371,6000527-5695
1372,6000528-6169
1373,6000529-4011
1374,6000529-5175
1375,6000529-5382
1376,6000533-5368
1377,6000533-6967
1378,6000536-2659
1379,6000545-2447
1380,6000546-5783
1381,6000547-0860
1382,6000549-0750
1383,6000551-5599
1384,6000554-2703
1385,6000555-0755
1386,6000555-0861
1387,6000557-6228
1388,6000559-5431
1389,6000559-5784
1390,6000574-2705
1391,6000574-6229
1392,6000578-2516
1393,6000579-0376
1394,6000579-5929
1395,6000581-2661
1396,6000588-5371
1397,6000590-4013
1398,6000590-6093
1399,6000599-4015
1400,6000602-6379
1401,6000605-6703
1402,6000606-5251
1403,6000607-5071
1404,6000608-5350
1405,6000618-0315
1406,6000625-7579
1407,6000629-5930
1408,6000632-0343
1409,6000633-1092
1410,6000633-6320
1411,6000639-5073
1412,6000639-6764
1413,6000645-1989
1414,6000647-1230
1415,6000647-4018
1416,6000650-0551
1417,6000657-3898
1418,6000661-7403
1419,6000662-1044
1420,6000663-1045
1421,6000665-1605
1422,6000669-7147
1423,6000671-1231
1424,6000673-4020
1425,6000682-0668
1426,6000686-4024
1427,6000692-0407
1428,6000698-2708
1429,6000699-3913
1430,6000704-1992
1431,6000730-4025
1432,6000730-7104
1433,6000730-7105
1434,6000735-4026
1435,6000736-4027
1436,6000743-6832
1437,6000747-6563
1438,6000750-4097
1439,6000753-5300
1440,6000758-1566
1441,6000773-6194
1442,6000784-2945
1443,6000784-4029
1444,6000794-5747
1445,6000802-2978
1446,6000802-4099
1447,6000803-5077
1448,6000811-4100
1449,6000812-5078
1450,6000812-7387
1451,6000814-4030
1452,6000815-2522
1453,6000815-4031
1454,6000821-4101
1455,6000839-6230
1456,6000844-6388
1457,6000856-3559
1458,6000862-5662
1459,6000863-6812
1460,6000869-5302
1461,6000871-5780
1462,6000872-3561
1463,6000875-1095
1464,6000877-5258
1465,6000893-3562
1466,6000902-3292
1467,6000905-0344
1468,6000906-5303
1469,6000908-1925
1470,6000915-2924
1471,6000949-7161
1472,6000964-4034
1473,6000986-7162
1474,6001007-2947
1475,6001011-4037
1476,6001018-0263
1477,6001024-1100
1478,6001062-0390
1479,6001096-5286
1480,6001111-6438
1481,6001135-2669
1482,6001150-7447
1483,6001154-7265
1484,6001156-3000
1485,6001158-7565
1486,6001162-0819
1487,6001182-7376
1488,6001191-6439
1489,6001198-1850
1490,6001265-7448
1491,6001297-3297
1492,6001303-3298
1493,6001316-2375
1494,6001336-1809
1495,6001346-3299
1496,6001366-3300
1497,6001384-5961
1498,6001392-5327
1499,6001394-6233
1500,6001399-6821
1501,6001428-3567
1502,6001456-5698
1503,6001477-7450
1504,6001482-5739
1505,6001494-5894
1506,6001508-0279
1507,6001510-6824
1508,6001539-0281
1509,6001547-6825
1510,6001558-2377
1511,6001562-3564
1512,6001564-2379
1513,6001636-6826
1514,6001663-6047
1515,6001677-3664
1516,6001712-0821
1517,6001753-0822
1518,6001791-0767
1519,6001793-0769
1520,6001798-0794
1521,6001842-6027
1522,6002000-0824
1523,6002003-0825
1524,6002017-6028
1525,6002036-2384
1526,6002036-3003
1527,6002050-7093
1528,6002152-1589
1529,6002174-0353
1530,6002189-0288
1531,6002223-0289
1532,6002266-6315
1533,6002512-5937
1534,6002597-7611
1535,6002622-1575
1536,6002850-5940
1537,6002988-0153
1538,6003024-2393
1539,6003056-7139
1540,6003198-2396
1541,6003271-1613
1542,6003279-0160
1543,6003289-1309
1544,6003520-1614
1545,6003594-1615
1546,6003608-1576
1547,6003636-1616
1548,6003638-1617
1549,6003672-0677
1550,6003844-1577
1551,6003954-0680
1552,6004047-1619
1553,6004098-0811
1554,6004171-0812
1555,6004341-2403
1556,6004439-1579
1557,6004754-0684
1558,6004755-0685
1559,6004756-0686
1560,6004884-1621
1561,6004946-1581
1562,6005054-1584
1563,6005091-1624
1564,6005110-0689
1565,6005112-0690
1566,6005239-2407
1567,6005469-0698
1568,6005474-0700
1569,6005488-0701
1570,6005498-0702
1571,6005892-0362
1572,6005894-0710
1573,6005917-0714
1574,6005978-0719
1575,6006410-0723
1576,6006443-0729
1577,6006477-0731
1578,6006585-0365
1579,6006812-0737
1580,6006856-0738
1581,6007845-6147
1582,6014638-7203
1583,7000001-1807
1584,7000001-3654
1585,7000002-3912
1586,7000004-1345
1587,7000004-1995
1588,7000004-3330
1589,7000008-2976
1590,7000009-6964
1591,7000012-1711
1592,7000016-3658
1593,7000018-1692
1594,7000025-3236
1595,7000118-1712
